filename,grade
algo_q1b_100.png,100
java_loop_100.png,100
sql_join_100.png,100
py_fibo_100.png,100
algo_hash_100.png,100
os_thread_100.png,100
py_list_comp_100.png,100
algo_q2_0.png,0
sql_delete_0.png,0
java_syntax_20.png,20
algo_binary_40.png,40
java_class_88.png,88
sql_semi_90.png,90
py_colon_90.png,90
algo_dfs_85.png,85
java_print_85.png,85
py_tuple_78.png,78
java_types_75.png,75
java_brackets_72.png,72
algo_recur_75.png,75
sql_quotes_75.png,75
java_loop_60.png,60
py_indent_65.png,65
sql_join_65.png,65
py_import_60.png,60
gen_api_60.png,60
py_range_68.png,68
java_ret_68.png,68
sql_form_55.png,55
algo_stack_50.png,50
py_var_70.png,70
os_deadlock_80.png,80
net_tcp_95.png,95
cpp_cout_85.png,85
