filename,logic,accuracy,clarity,real_grade
algo_q1b_100.png,80,80,70,100
java_loop_100.png,90,90,90,100
algo_hash_100.png,90,85,80,100
os_thread_100.png,85,85,90,100
py_list_comp_100.png,100,90,90,100
algo_q2_0.png,20,20,20,0
sql_delete_0.png,0,0,0,0
java_class_88.png,20,20,20,88
sql_semi_90.png,85,75,90,90
py_colon_90.png,85,70,90,90
algo_dfs_85.png,70,70,70,85
java_print_85.png,70,70,70,85
py_tuple_78.png,20,20,20,78
java_types_75.png,20,20,20,75
algo_recur_75.png,20,20,20,75
sql_quotes_75.png,100,90,90,75
java_loop_60.png,0,0,0,60
py_indent_65.png,20,30,40,65
py_import_60.png,90,90,90,60
gen_api_60.png,100,100,100,60
py_range_68.png,100,90,80,68
java_ret_68.png,50,100,100,68
py_var_70.png,85,85,90,70
os_deadlock_80.png,20,20,20,80
net_tcp_95.png,85,70,90,95
cpp_cout_85.png,20,30,10,85
